{
  "users": [
    {
      "name": "jhon",
      "age": "24",
      "id": "1"
    },
    {
      "name": "sara4a4aa",
      "age": "280",
      "id": "2"
    },
    {
      "name": "asdasda",
      "age": "asdasd",
      "id": "3"
    },
    {
      "id": "6ed8",
      "name": "",
      "age": ""
    },
    {
      "id": "1f7b",
      "name": "",
      "age": ""
    },
    {
      "id": "e0c9",
      "name": "",
      "age": ""
    },
    {
      "id": "cf88",
      "name": "",
      "age": ""
    },
    {
      "id": "e000",
      "name": "",
      "age": ""
    },
    {
      "id": "3061",
      "name": "",
      "age": ""
    },
    {
      "id": "ba06",
      "name": "",
      "age": ""
    },
    {
      "id": "ef4c",
      "name": "",
      "age": ""
    },
    {
      "id": "d3b7",
      "name": "",
      "age": ""
    },
    {
      "id": "dc52",
      "name": "asd",
      "age": "asd"
    }
  ]
}